type,sum,mean,count
CASH_IN,236367391912.46,168920.24200409636,1399284
CASH_OUT,394412995224.49,176273.96434614077,2237500
DEBIT,227199221.28,5483.6653137671365,41432
PAYMENT,28093371138.37,13057.604660187451,2151495
TRANSFER,485291987263.17,910647.0096454929,532909
